{"ace_Latn": {"bleu": 0.3587087714399983, "chrf": 6.7108009310615335}, "afr_Latn": {"bleu": 0.2608756105307988, "chrf": 5.919486573956213}, "als_Latn": {"bleu": 0.16716344546083511, "chrf": 4.980612344665685}, "arb_Latn": {"bleu": 0.20415128287613885, "chrf": 5.443365347068566}, "arg_Latn": {"bleu": 0.21483187380520608, "chrf": 5.658289843123235}, "ast_Latn": {"bleu": 0.2247820520679131, "chrf": 5.922145223699274}, "ayr_Latn": {"bleu": 0.2644553874199493, "chrf": 5.542974757271465}, "azj_Latn": {"bleu": 0.1143661604382366, "chrf": 4.783419278255952}, "bam_Latn": {"bleu": 0.27149808576170575, "chrf": 5.856351030868813}, "ban_Latn": {"bleu": 0.26547126875848254, "chrf": 5.667702803453551}, "bem_Latn": {"bleu": 0.545468523027589, "chrf": 7.238967275117328}, "bjn_Latn": {"bleu": 0.2680401170715631, "chrf": 6.134685149258551}, "bos_Latn": {"bleu": 0.20366649161534128, "chrf": 5.335103253153334}, "bug_Latn": {"bleu": 0.2194348235876468, "chrf": 5.581228004439979}, "cat_Latn": {"bleu": 0.27178292082793104, "chrf": 5.632780271249425}, "ceb_Latn": {"bleu": 0.5673434687909928, "chrf": 6.690021129044939}, "ces_Latn": {"bleu": 0.23603134482868712, "chrf": 5.449828084139435}, "cjk_Latn": {"bleu": 0.17924202454795105, "chrf": 6.173108093392166}, "crh_Latn": {"bleu": 0.15796032526590145, "chrf": 5.0345136475697405}, "cym_Latn": {"bleu": 0.2025383305972474, "chrf": 7.010718957392656}, "dan_Latn": {"bleu": 0.37636154371258657, "chrf": 6.39955606275508}, "deu_Latn": {"bleu": 0.33721081840473266, "chrf": 5.75119517071387}, "dik_Latn": {"bleu": 0.33056956631871526, "chrf": 6.669637788880141}, "dyu_Latn": {"bleu": 0.18505213196753478, "chrf": 5.546003599828428}, "ekk_Latn": {"bleu": 0.1649989373866262, "chrf": 5.859147447761172}, "eng_Latn": {"bleu": 0.8771531997160492, "chrf": 8.220128844417653}, "epo_Latn": {"bleu": 0.19795895231055025, "chrf": 5.293932139675208}, "eus_Latn": {"bleu": 0.15754812726711465, "chrf": 5.294001770412663}, "ewe_Latn": {"bleu": 0.3053442117714341, "chrf": 6.195284131742073}, "fao_Latn": {"bleu": 0.3241498466591033, "chrf": 6.138329287861265}, "fij_Latn": {"bleu": 0.37522105065006633, "chrf": 5.887964598736512}, "fil_Latn": {"bleu": 0.42684330580604396, "chrf": 5.850246306193526}, "fin_Latn": {"bleu": 0.1584799386157363, "chrf": 5.242870728180663}, "fon_Latn": {"bleu": 0.2861900013928788, "chrf": 5.2812472591618125}, "fra_Latn": {"bleu": 0.2720840508647946, "chrf": 5.866555773426848}, "fur_Latn": {"bleu": 0.21935190092562715, "chrf": 5.68093049676062}, "fuv_Latn": {"bleu": 0.24328354571038338, "chrf": 6.5669703801521235}, "gaz_Latn": {"bleu": 0.12061956241757923, "chrf": 4.480771031810822}, "gla_Latn": {"bleu": 0.22332167373541403, "chrf": 4.868017719805973}, "gle_Latn": {"bleu": 0.25321673478997386, "chrf": 4.713775178822525}, "glg_Latn": {"bleu": 0.33461473901639865, "chrf": 5.806014229313563}, "gug_Latn": {"bleu": 0.21406152012545748, "chrf": 5.832036105457496}, "hat_Latn": {"bleu": 0.2236129910558208, "chrf": 5.382681236929368}, "hau_Latn": {"bleu": 0.28334339212355375, "chrf": 6.458216782001166}, "hrv_Latn": {"bleu": 0.24302727126203083, "chrf": 5.469147091321471}, "hun_Latn": {"bleu": 0.2157530833183831, "chrf": 4.792282055914561}, "ibo_Latn": {"bleu": 0.2846890758098142, "chrf": 5.559382164340949}, "ilo_Latn": {"bleu": 0.515750511844372, "chrf": 6.616725222144902}, "ind_Latn": {"bleu": 0.3104562933685591, "chrf": 6.302329579093868}, "isl_Latn": {"bleu": 0.24294348591075565, "chrf": 5.5715880109372815}, "ita_Latn": {"bleu": 0.32568592579693295, "chrf": 5.513136975768689}, "jav_Latn": {"bleu": 0.23407201816268697, "chrf": 5.774448678055733}, "kab_Latn": {"bleu": 0.06871546773250481, "chrf": 4.495971447111649}, "kac_Latn": {"bleu": 0.32733562045003833, "chrf": 6.156041610391552}, "kam_Latn": {"bleu": 0.3615549946951469, "chrf": 6.97941392033713}, "kbp_Latn": {"bleu": 0.2600642979409383, "chrf": 4.886023430376744}, "kea_Latn": {"bleu": 0.24407492546134135, "chrf": 6.544167502663615}, "kik_Latn": {"bleu": 0.3764700173537774, "chrf": 5.930307302164325}, "kin_Latn": {"bleu": 0.2733650164171734, "chrf": 6.40860461262591}, "kmb_Latn": {"bleu": 0.20074210680823237, "chrf": 6.781318388991228}, "kmr_Latn": {"bleu": 0.20248318353672734, "chrf": 5.2507739596621725}, "knc_Latn": {"bleu": 0.3866999422944027, "chrf": 7.2088813309576745}, "ktu_Latn": {"bleu": 0.24206690752672924, "chrf": 6.530679127119328}, "lij_Latn": {"bleu": 0.3454485136169057, "chrf": 5.8418419822035395}, "lim_Latn": {"bleu": 0.3724979642390073, "chrf": 6.110715232985921}, "lin_Latn": {"bleu": 0.2730523078567627, "chrf": 5.771609989910513}, "lit_Latn": {"bleu": 0.1114730608440125, "chrf": 5.033975935193805}, "lmo_Latn": {"bleu": 0.3518654228177442, "chrf": 5.971263790527794}, "ltg_Latn": {"bleu": 0.12752845343155886, "chrf": 5.316698645550566}, "ltz_Latn": {"bleu": 0.3769377989863794, "chrf": 5.9216145160268345}, "lua_Latn": {"bleu": 0.2509529634445168, "chrf": 7.462212999950801}, "lug_Latn": {"bleu": 0.2718062580488886, "chrf": 6.4817738240825085}, "luo_Latn": {"bleu": 0.40611509900311893, "chrf": 6.922001893060857}, "lus_Latn": {"bleu": 0.536597834000166, "chrf": 7.0372680915796275}, "lvs_Latn": {"bleu": 0.11232804761904212, "chrf": 4.64234489516674}, "min_Latn": {"bleu": 0.3346648019409689, "chrf": 6.360805103633295}, "mlt_Latn": {"bleu": 0.22976688773307524, "chrf": 5.596249296793011}, "mos_Latn": {"bleu": 0.2918873698281789, "chrf": 5.7192559028447185}, "mri_Latn": {"bleu": 0.43280812801341506, "chrf": 5.55291137577539}, "nld_Latn": {"bleu": 0.36449432569023277, "chrf": 5.873231574944016}, "nno_Latn": {"bleu": 0.23955020934895188, "chrf": 5.814411320583509}, "nob_Latn": {"bleu": 0.41407190414106004, "chrf": 6.361105664428448}, "nso_Latn": {"bleu": 0.44254580003054866, "chrf": 6.00727800947256}, "nus_Latn": {"bleu": 0.16217801740518042, "chrf": 3.7204249555345688}, "nya_Latn": {"bleu": 0.4274380342784264, "chrf": 6.977896810007078}, "oci_Latn": {"bleu": 0.3154543348818699, "chrf": 5.807512187388881}, "oci_Latn_aran1260": {"bleu": 0.16708064677377277, "chrf": 5.120465324115434}, "pag_Latn": {"bleu": 0.5916976671832638, "chrf": 7.820648976697655}, "pap_Latn": {"bleu": 0.4202496964787268, "chrf": 6.470330409445175}, "plt_Latn": {"bleu": 0.3175803259733745, "chrf": 5.664496883006585}, "pol_Latn": {"bleu": 0.2076892833393612, "chrf": 5.361893864211233}, "por_Latn": {"bleu": 0.2876704854280605, "chrf": 6.061832183567735}, "quy_Latn": {"bleu": 0.25275606876118406, "chrf": 5.821996245034827}, "ron_Latn": {"bleu": 0.24851360924214724, "chrf": 5.924507090830822}, "run_Latn": {"bleu": 0.3129936275848879, "chrf": 6.252940305567178}, "sag_Latn": {"bleu": 0.21546794363678862, "chrf": 5.402276408823407}, "scn_Latn": {"bleu": 0.25117334422446924, "chrf": 6.1140788246803295}, "slk_Latn": {"bleu": 0.19894579382124866, "chrf": 5.256683977993575}, "slv_Latn": {"bleu": 0.20234959807209477, "chrf": 4.910431929223356}, "smo_Latn": {"bleu": 0.34543744244074176, "chrf": 5.487054724580013}, "sna_Latn": {"bleu": 0.25622294050421535, "chrf": 6.878387337909185}, "som_Latn": {"bleu": 0.2518098000211411, "chrf": 6.282615123569735}, "sot_Latn": {"bleu": 0.4838729713351576, "chrf": 5.643144987457391}, "spa_Latn": {"bleu": 0.24032730159857357, "chrf": 5.505044790673404}, "srd_Latn": {"bleu": 0.28565867997182864, "chrf": 6.113235172256933}, "ssw_Latn": {"bleu": 0.20344359058980166, "chrf": 6.174990876395592}, "sun_Latn": {"bleu": 0.27304766893916943, "chrf": 6.165301536845681}, "swe_Latn": {"bleu": 0.3213003838710446, "chrf": 5.988832358668744}, "swh_Latn": {"bleu": 0.20232893625772236, "chrf": 6.036043552228351}, "szl_Latn": {"bleu": 0.31270395250951455, "chrf": 5.9012642574018175}, "taq_Latn": {"bleu": 0.2392564747718409, "chrf": 6.261580320648183}, "tpi_Latn": {"bleu": 0.6187106724810988, "chrf": 6.736007784589574}, "tsn_Latn": {"bleu": 0.4038456834326263, "chrf": 5.432527981516506}, "tso_Latn": {"bleu": 0.44692364045325916, "chrf": 6.357114927539091}, "tuk_Latn": {"bleu": 0.09469666810566911,